20230731,フルーツティー,try_1,Organic,1,B09RQLF2RN,サントリー クラフトボス フルーツティーティー 冷凍兼用 紅茶 600ml×24本
20230731,フルーツティー,try_1,Organic,2,B0B5WX595P,DozoFreesh フルーツティーティー 砂糖不使用 カロリーゼロ (全4種セット)
20230731,フルーツティー,try_1,Organic,3,B0BYNGZRYB,伊藤園 晴れのち曇り 時々お茶 500ml×24本 フルーツティーティー
20230731,フルーツティー,try_1,Organic,4,B0BN3KLCG7,DozoFreesh フルーツティー ウーロン茶 ドライフルーツティー 7種のドライフルーツ ヘルシー ノンカフェイン 食べられる お茶 ティーバッグ 砂糖不使用 カロリーゼロ 母の日 ギフト プレゼント 贈り物 4袋入 (ピーチ×ウーロン茶(4袋セット))
20230731,フルーツティー,try_1,Organic,5,B0C5ZC5JJ3,【果肉入り紅茶】サントリー GOROCHA(ゴロチャ) 白桃 食べるフルーツティーティー 200gパウチ×6個
20230731,フルーツティー,try_1,Organic,6,B076J8L67H,大地の生菓 フルーツティー 4袋入 食べられるフルーツティー 6種類のドライフルーツ 紅茶 ティーバッグ 母の日 ギフト プレゼント 贈り物 リボン付パッケージ
20230731,フルーツティー,try_1,Organic,7,B08GCXY7W5,【セット商品】 AHMAD TEA (アーマッドティー) フルーツティー ティーバッグ 6種120袋 アソート(アップル レモン&ライム ストロベリー ピーチ&パッションフルーツ マンゴー バニラ 20袋入り各1個)
20230731,フルーツティー,try_1,Organic,8,B0C7V5Z7D3,DozoFreesh フルーツティーティー 砂糖不使用 カロリーゼロ 新フレーバー3種 (ブラッシュ イチジク)
20230731,フルーツティー,try_1,Organic,9,B0BKP9DXH5,フルーツティー 7種のドライフルーツ アッサム紅茶 ドライフルーツティー 食べられる ティーバッグ (5袋セット)
20230731,フルーツティー,try_1,Organic,10,B08XQWGCY8,フルーツティー5種セットA「蜜りんごの和紅茶2g×5p」「紅ほっぺの和紅茶2g×5p」「白桃の和紅茶2g×5p 」「みかんの和紅茶2g×5p」「レモンの和紅茶2g×5p」 はなこ 紅茶
20230731,フルーツティー,try_1,Organic,11,B09WH4WZCY,サントリー クラフトボス フルーツティーティー 600mlペットボトル×24本入
20230731,フルーツティー,try_1,Organic,12,B07YD27N1R,フルーツティー 食べるフルーツティーティー・ピーチ150g　 ドライフルーツ ブレンド茶
20230731,フルーツティー,try_1,Organic,13,B0BFD585D2,コカ・コーラ 紅茶花伝 クラフティー 白ぶどうフルーツティーティー 440mlPET
20230731,フルーツティー,try_1,Organic,14,B07Q2ZVNF7,日東紅茶 果実あふれるフルーツティーティー 10本 ×6個 粉末
20230731,フルーツティー,try_1,Organic,15,B0B8DHHMXB,サントリー クラフトボス フルーツティーティー ホット 450ml×24本
20230731,フルーツティー,try_1,Organic,16,B08L3BHDCZ,ムスビセレクト プチギフト ドライフルーツティー フルーリ トライアルセット 10g×3P【No1001 ストロベリー No1003 パイナップル No1004マンゴー】
20230731,フルーツティー,try_1,Organic,17,B0BFD1RGWP,コカ・コーラ 紅茶花伝 クラフティー 白ぶどうフルーツティーティー 440mlPET×24本
20230731,フルーツティー,try_1,Organic,18,B08P538V3X,えいこく屋 オモロス ドライフルーツティーティーセット (ギフトパッケージ ６個入)
20230731,フルーツティー,try_1,Organic,19,B08L39KG9R,ムスビセレクト プチギフト ドライフルーツティー 10g×６P【ストロベリー×2 パイナップル×2 ハニーレモン×２】 ムスビセレクトとティー
20230731,フルーツティー,try_1,Organic,20,B06VXPKWW2,AHMAD TEA ( アーマッドティー ) フルーツセレクション ティーバッグ 20袋 ×3個 [ アソート : アップル レモン&ライム ピーチ&パッションフルーツ ストロベリー ]
20230731,フルーツティー,try_1,Organic,21,B08CVG8NSW,名糖産業 スティックメイトフルーツティーティーアソート 96P インスタント(スティック)
20230731,フルーツティー,try_1,Organic,22,B0BYS3Z4RY,伊藤園 晴れのち曇り 時々お茶 500ml フルーツティーティー
20230731,フルーツティー,try_1,Organic,23,B091LL12GP,リプトン紅茶 フルーツチャージティー スティック アソート 30本 粉末 36グラム (x 1)
20230731,フルーツティー,try_1,Organic,24,B0BB1NCJL7,名糖 とけだす果実の紅茶 アップル&ピーチ 5P ×3個
20230731,フルーツティー,try_1,Organic,25,B071759YX1,AHMAD TEA ( アーマッドティー ) デカフェ フルーツセレクション ティーバッグ 20袋 ×2個 [ カフェインレス アソート ( アップル レモン&ライム ピーチ&パッションフルーツ ストロベリー )]
20230731,フルーツティー,try_1,Organic,26,B000FQPXNI,フルーツガーデン フルーツパラダイス 125g [ ドイツ産 ハーブティー ノンカフェイン ハイビスカス ローズヒップ 乾燥果実入り( アップル エルダーベリー 他)]
20230731,フルーツティー,try_1,Organic,27,B00BD40SYU,Janat プロヴァンスシリーズ フルーツティーティーアソート 40P
20230731,フルーツティー,try_1,Organic,28,B010K9H6PM,アーマッドティー コールドブリュー ピーチ & パッションフルーツ ティーバッグ 水出し 個包装 20袋 ×2個 [ AHMAD TEA 紅茶 フルーツティー
20230731,フルーツティー,try_1,Organic,29,B0B8M6WM9B,トワイニング ザ・フルーツ ピーチ&オレンジ 15P×2個
20230731,フルーツティー,try_1,Organic,30,B07SNX698B,日東紅茶 水出しアイスティートロピカルフルーツTB 12袋入 ×4個 ティーバッグ
20230731,フルーツティー,try_1,Organic,31,B0BMPH4NWH,キリン 午後の紅茶 季節のご褒美 FTUITS TEA ラ・フランス 500ml ペットボトル ×24本
20230731,フルーツティー,try_1,Organic,32,B08KG9B9DD,コカ・コーラ 紅茶花伝 クラフティー 贅沢しぼりピーチティー 440mlPET ×24本
20230731,フルーツティー,try_1,Organic,33,B01DCZJ1FE,日東紅茶 フルーツ薫るサングリア スティック 10本入り×3個
20230731,フルーツティー,try_1,Organic,34,B079NKXP8Y,AGF ブレンディ カフェラトリー スティック 芳醇ピーチティー 7本×6箱 【 フルーツティーティー 】【 紅茶 スティック 】
20230731,フルーツティー,try_1,Organic,35,B0BB2MQB5V,名糖 とけだす果実の紅茶 ストロベリー&ラズベリー 5P ×3個
20230731,フルーツティー,try_1,Organic,36,B09T5GR569,キーコーヒー フルーツミックスティー 7杯分×6個
20230731,フルーツティー,try_1,Organic,37,B0BJ23YKZK,amsu tea (アムシュティー) フレーバーティー トロピカルパッション ティーバッグ15袋
20230731,フルーツティー,try_1,Organic,38,B09XQ1JWNR,国太楼 AT オレンジルイボスティー 144g(80袋)
20230731,フルーツティー,try_1,Organic,39,B0B5WS4N6N,DozoFreesh フルーツティー ウーロン茶 ドライフルーツティー 7種のドライフルーツ ヘルシー ノンカフェイン 食べられる お茶 ティーバッグ 砂糖不使用 カロリーゼロ 母の日 ギフト プレゼント 贈り物(ピーチ×ウーロン茶)
20230731,フルーツティー,try_1,Organic,40,B093FFLBLK,イート ドライフルーツティー No1002 ピーチ 【ムスビセレクトとティートリコ共同開発】 (Peach 50ｇ)
20230731,フルーツティー,try_1,Organic,41,B000V2FI9U,ロンドンフルーツ&ハーブ ティーバッグ フルーツファンタジー バラエティーパック 20袋
20230731,フルーツティー,try_1,Organic,42,B09ZXXZB7Z,(CASA+BINO) 紅茶 ギフト 国産 フルーツティー ドライフルーツティーティー 紅茶セット 人気 プレゼント ドライフルーツ 3袋(シトラス・アップルベリー・ミックス)+紅茶8包
20230731,フルーツティー,try_1,Organic,43,B01N11M3HF,果実園のハーブティー｜ローズヒップとハイビスカスにドライフルーツのフルーツティーティー
20230731,フルーツティー,try_1,Organic,44,B0C1WWDYLD,●フルーツティー●（茶葉40g）（無糖）（ノンカフェイン）（9種のドライフルーツが入ったフルーツ茶）（アイスティーに最適）内容量：茶葉40g入（紅茶専門店 京都セレクトショップ）
20230731,フルーツティー,try_1,Organic,45,B01NCHEDWQ,富永貿易 BPL セイロンティーガーデンズ フルーツセレクション ティーバック 100袋 [ 自社農園 ディンブラ茶葉 100% レインフォレスト･アライアンス認証 ] 200g ×2個
20230731,フルーツティー,try_1,Organic,46,B0C9C8SXBV,えいこく屋 オモロス アイスドライフルーツティーティーセット 水出し (サマースペシャル簡易パッケージ6個入り)
20230731,フルーツティー,try_1,Organic,47,B0CC1WNT78,フルーツティーティー 美味しい薬膳 ドライフルーツと紅茶 (なつめ クコの実 サンザシなど9種) 飲んで食べられる紅茶 5個入り(150g)
20230731,フルーツティー,try_1,Organic,48,B0BGB99GN7,【Amazon.co.jp限定】リプトン紅茶 フレーバーティー アソート 個包装 60袋
20230731,フルーツティー,try_1,Organic,49,B0B38KSV8B,【果肉入り紅茶】サントリー GOROCHA(ゴロチャ)白桃・パイン アソート 食べるフルーツティーティー 200gパウチ×4個
20230731,フルーツティー,try_1,Organic,50,B07YD27N1R,フルーツティー 食べるフルーツティーティー・ピーチ150g　 ドライフルーツ ブレンド茶
20230731,フルーツティー,try_1,Organic,51,B075WR93YD,フルーツティー 食べるフルーツティーティー・ストロベリー150g ドライフルーツ ブレンド茶
20230731,フルーツティー,try_1,Organic,52,B07DDG3LL8,フルーツティー 食べるフルーツティーティー・はちみつレモン150g ドライフルーツ ブレンド茶
20230731,フルーツティー,try_1,Organic,53,B08XXML6JW,ドルチェデュオ ティートリコ 食べるフルーツティーティー カップ 190ml 耐熱 コースター付 8点セット ギフト プレゼント 母の日 内祝 DAM-145
20230731,フルーツティー,try_1,Organic,54,B07DPD3PWM,フルーツティー 食べるフルーツティーティー・ラムネ150g ドライフルーツ ブレンド茶
20230731,フルーツティー,try_1,Organic,55,B075WR4TN7,フルーツティー 食べるフルーツティーティー・パイナップル150g ドライフルーツ ブレンド茶
20230731,フルーツティー,try_1,Organic,56,B08XYLYMSF,ドルチェデュオ ティートリコ 食べるフルーツティーティー マグカップ 330ml 木スプーン付 6点セット ギフト プレゼント 内祝 DAM-146
20230731,フルーツティー,try_1,Organic,57,B075WW1LCN,フルーツティー 食べるフルーツティーティー・オレンジ150g ドライフルーツ ブレンド茶
20230731,フルーツティー,try_1,Organic,58,B07DWQKSYT,フルーツティー 食べるフルーツティーティー・チョコミント150g ドライフルーツ ブレンド茶
20230731,フルーツティー,try_1,Organic,59,B093XZ6PYD,ティートリコ 食べるフルーツティーティー マグカップ ペア セット コップ リボン ギフト プレゼント 誕生日 母の日 DAM-169
20230731,フルーツティー,try_1,Organic,60,B07DHGVRLY,大地の生菓 フルーツティー 12袋入り 食べられるフルーツティー 6種類のドライフルーツ 紅茶 ティーバッグ 父の日 ギフト プレゼント 贈り物
20230731,フルーツティー,try_1,Organic,61,B073WVXQTB,フルーツティー ２袋セット 6種類の ドライフルーツ と ティーバッグ 紅茶 ギフト 母の日 父の日 プレゼント
20230731,フルーツティー,try_1,Organic,62,B0C7V5Z7D3,DozoFreesh フルーツティーティー 砂糖不使用 カロリーゼロ 新フレーバー3種 (ブラッシュ イチジク)
20230731,フルーツティー,try_1,Organic,63,B0BJ6N4PM7,Labatee ラバティー 食べる和漢黒糖茶 乳酸菌入 漢方茶 薬膳茶 健康茶 黒豆茶 フルーツティーティー はとむぎ茶 薬膳 (サンザシ ローゼル クコの実 10食)
20230731,フルーツティー,try_1,Organic,64,B0C6MX4QNT,Labatee ラバティー 食べる和漢ほうじ茶ラテ 乳酸菌入 漢方茶 薬膳茶 健康茶 黒豆茶 フルーツティーティー はとむぎ茶 (ナツメ クコの実 黒豆 3食)
20230731,フルーツティー,try_1,Organic,65,B0BX92D6WZ,ティートリコ 共同開発 イートフルーツティーティー 10g×5点セット (Bセット（ビターオレンジ ブルーベリー ラフランス チェリー マスカット）) オリジナル ギフト ボックス入りノンカフェイン ドライフルーツ
20230731,フルーツティー,try_1,Organic,66,B08KP5TL7T,イート ドライフルーツティー No1002 ピーチ 【ムスビセレクトとティートリコ共同開発】 (Peach 100ｇ)
20230731,フルーツティー,try_1,Organic,67,B08L3BHDCZ,ムスビセレクト プチギフト ドライフルーツティー フルーリ トライアルセット 10g×3P【No1001 ストロベリー No1003 パイナップル No1004マンゴー】
20230731,フルーツティー,try_1,Organic,68,B08ZH7YL92,プチギフト ムスビセレクト ドライフルーツティー フルーリ 10gギフトBOX入 ×5P【ストロベリー×1 パイナップル×1 マンゴー×1 ピーチ×1 ハニーレモン×1】 ムスビセレクトと
20230731,フルーツティー,try_1,Organic,69,B0C52YRM46,ティートリコ 共同開発 イートフルーツティーティー 10g×5点セット ノンカフェイン ドライフルーツ (Cセット（スイートアップル ストロベリー アプリコット パイナップル ピーチ）)
20230731,フルーツティー,try_1,Organic,70,B08L1Q67CX,イート ドライフルーツティー No1001 ストロベリー 【ムスビセレクトとティートリコ共同開発】 (Strawberry 200)
20230731,フルーツティー,try_1,Organic,71,B09RK4DZ7L,イート ドライフルーツティー No1006 マスカット MUSCAT 【ムスビセレクトとティートリコ共同開発】 (マスカット 50g)
20230731,フルーツティー,try_1,Organic,72,B0B5GT2HWG,DozoFreesh フルーツティー 紅茶 ドライフルーツティー 7種のドライフルーツ ヘルシー ノンカフェイン 食べられる お茶 ティーバッグ 砂糖不使用 カロリーゼロ 母の日 ギフト プレゼント 贈り物 (レッドドラゴンフルーツ×紅茶)
20230731,フルーツティー,try_1,Organic,73,B0B5WX595P,DozoFreesh フルーツティーティー 砂糖不使用 カロリーゼロ (全4種セット)
20230731,フルーツティー,try_1,Organic,74,B09RQLF2RN,サントリー クラフトボス フルーツティーティー 冷凍兼用 紅茶 600ml×24本
20230731,フルーツティー,try_1,Organic,75,B08L39KG9R,ムスビセレクト プチギフト ドライフルーツティー 10g×６P【ストロベリー×2 パイナップル×2 ハニーレモン×２】 ムスビセレクトとティー
20230731,フルーツティー,try_1,Organic,76,B0BKP4SXN9,フルーツティー 7種のドライフルーツ アッサム紅茶 ドライフルーツティー 食べられる ティーバッグ (10袋セット)
20230731,フルーツティー,try_1,Organic,77,B0C9BXFYRZ,えいこく屋 オモロス アイスドライフルーツティーティーセット 水出し (サマースペシャルギフトパッケージ6個入り)
20230731,フルーツティー,try_1,Organic,78,B08GSMM4BB,【セット商品】 フルーツガーデン ハーブティー リーフ アソート4種 (ストロベリークリーム ブラッドオレンジ フルーツパラダイス ハワイカクテル 125g 各1個)
20230731,フルーツティー,try_1,Organic,79,B0BK5127DR,ドライフルーツティー 【ベリーミックス】 パウダリー紅茶 食べれるダイスカットドライフルーツ10g×5パックセット 国内製造 プチギフト プレゼントにも Botanical lab ドライクランベリー ドライアップル ドライストロベリー ドライブルーベリー ストロベリー
20230731,フルーツティー,try_1,Organic,80,B08L363NJV,イート ドライフルーツティー No1004 マンゴー 【ムスビセレクトとティートリコと共同開発】 (マンゴー 200g)
20230731,フルーツティー,try_1,Organic,81,B0C3R7YLB4,ドライフルーツティー 【ピーチティー】 パウダリー紅茶 食べれるダイスカットドライフルーツ10g×5パックセット 国内製造 プチギフト プレゼントにも Botanical lab ドライピーチ ストロベリー ドライアップル パパイヤ ドライマンゴー ピーチ
20230731,フルーツティー,try_1,Organic,82,B0BN3SN6SJ,DozoFreesh フルーツティー ルイボスティー ドライフルーツティー 7種のドライフルーツ ヘルシー ノンカフェイン 食べられる お茶 ティー
20230731,フルーツティー,try_1,Organic,83,B08P54D687,えいこく屋 オモロス ドライフルーツティーティーセット 紅茶 無添加 日本産 (簡易パッケージ ６個入)
20230731,フルーツティー,try_1,Organic,84,B08XQWGCY8,フルーツティー5種セットA「蜜りんごの和紅茶2g×5p」「紅ほっぺの和紅茶2g×5p」「白桃の和紅茶2g×5p 」「みかんの和紅茶2g×5p」「レモンの和紅茶2g×5p」 はなこ 紅茶
20230731,フルーツティー,try_1,Organic,85,B0BK4RDFFK,ドライフルーツティー 【フルーツミックス】 パウダリー紅茶 食べれるダイスカットドライフルーツ10g×5パックセット 国内製造 プチギフト プレゼントにも Botanical lab ストロベリー キウイ パパイヤ カシス パイナップル ドライアップル アップル
20230731,フルーツティー,try_1,Organic,86,B0BG7ZYYV4,えいこく屋 オモロス ドライフルーツティーティーセット 巨峰 オレンジ 紅茶 ギフト (ギフトパッケージ ６個入)
20230731,フルーツティー,try_1,Organic,87,B01E8NFENW,ハース＆ハース ブーケロイヤル フルーツティーティー 100ｇ
20230731,フルーツティー,try_1,Organic,88,B0BX99B6B1,ティートリコ 共同開発 イートフルーツティーティー 50g (ブルーベリー) ノンカフェイン ドライフルーツ
20230731,フルーツティー,try_1,Organic,89,B08PS77MZF,【2個セット】 フルーツファーム 飲んだ後、召し上がれるクランベリーティー フルーツティーティー
20230731,フルーツティー,try_1,Organic,90,B07B9F83ZL,フルーツティー ３袋セット 6種類の ドライフルーツ と ティーバッグ 紅茶 ギフト 母の日 父の日 プレゼント
20230731,フルーツティー,try_1,Organic,91,B000FQPXNS,フルーツガーデン ハワイカクテル リーフ 125g [ ドイツ産 ハーブティー ノンカフェイン ハイビスカス ローズヒップ 乾燥果実入り( パイナップル パパイヤ 他)]
20230731,フルーツティー,try_1,Organic,92,B09HLZWQSF,フルーツティー3種セットB 「蜜りんごの和紅茶2g×5p」「ぶどうの和紅茶2g×5p」「紅ほっぺの和紅茶2g×5p」3種の和紅茶 ティーバッグ3袋セット 荻野商店
20230731,フルーツティー,try_1,Organic,93,B08PSNYCDS,【2個セット】 フルーツファーム 飲んだ後、召し上がれるアップルティー フルーツティーティー
20230731,フルーツティー,try_1,Organic,94,B08PS9YR8K,フルーツファーム 飲んだ後、召し上がれるクランベリーティー フルーツティーティー
20230731,フルーツティー,try_1,Organic,95,B075JYDYXX,Lakshimi(ラクシュミー) 極上はちみつ紅茶 ティーバッグ25袋入り×2箱セット
20230731,フルーツティー,try_1,Organic,96,B09ZXXZB7Z,(CASA+BINO) 紅茶 ギフト 国産 フルーツティー ドライフルーツティーティー 紅茶セット 人気 プレゼント ドライフルーツ 3袋(シトラス・アップルベリー・ミックス)+紅茶8包
20230731,アップルティー,try_1,Organic,1,B0B518WFSN,名糖産業 アップルティーティー 470g×2個
20230731,アップルティー,try_1,Organic,2,B01MAX8IDR,リプトン紅茶 アップルティー ティーバッグ 12袋×6箱
20230731,アップルティー,try_1,Organic,3,B09VCCDK4F,【機能性表示食品】 キリン 午後の紅茶 アップルティーティープラス 430ml 24本 ペットボトル 腸活 ビフィズス菌 乳酸菌飲料
20230731,アップルティー,try_1,Organic,4,B003XDMTIM,FAUCHON 紅茶アップル(缶入り) 125g
20230731,アップルティー,try_1,Organic,5,B01568IQP6,日東紅茶 アップルティーティー 200g×4袋
20230731,アップルティー,try_1,Organic,6,B004QLTLTA,ティーランド アップルティーティー 2g×50P
20230731,アップルティー,try_1,Organic,7,B006NT80P4,ST(セレクティー) アップルティー 青りんご 三角ティーバッグ 2.0g×20P
20230731,アップルティー,try_1,Organic,8,B01G0HZV2S,アップルティーティー（茶葉）Apple Tea 無農薬・カフェインレス/最高級茶葉・天然素材使用のスリランカ大統領府、在日本スリランカ大使館ご用達 本場スリランカのプレミアムブランド
20230731,アップルティー,try_1,Organic,9,B0C1S6Q57W,●アップルティー●（茶葉50g）（無糖）（アップルの甘い香り）（ホットティーでもアイスティーでもOK）内容量：茶葉50g（紅茶専門店 京都セレクトショップ）
20230731,アップルティー,try_1,Organic,10,B00RFP3W0S,AGF プロフェッショナル アップルティーティー1L用 10本 粉末
20230731,アップルティー,try_1,Organic,11,B07W425K33,アップルティー 無糖 【パウティー】 紅茶 業務用 粉末 粉茶 お茶 インスタントティー (250g)
20230731,アップルティー,try_1,Organic,12,B01DZQGXQK,リプトン紅茶 アップル アルミティーバッグ 1.8gx50袋
20230731,アップルティー,try_1,Organic,13,B00E7KUHSY,名糖アップルティ 4P×10個
20230731,アップルティー,try_1,Organic,14,B0C27D3WXB,●アップルティー ●ティーバッグ20個（無糖）（アップルの甘い香り）（ホットティーでもアイスティーでもOK）内容量：ティーバッグ 2g×20個入（紅茶専門店 京都セレクトショップ）
20230731,アップルティー,try_1,Organic,15,B094D2B697,amsu tea (アムシュティー) フレーバーティー アップルガーデン ティーバッグ15袋
20230731,アップルティー,try_1,Organic,16,B079NTS45C,AGF ブレンディ カフェラトリー スティック 芳醇アップルティー 7本×6箱 【 フルーツティー 】【 紅茶 スティック 】
20230731,アップルティー,try_1,Organic,17,B09ZXK9NQ2,キリン 午後の紅茶 アップルティーティープラス 430mlペットボトル×24本入
20230731,アップルティー,try_1,Organic,18,B09JSTMJRS,アップルシナモンティー TYAZEN(茶善) 国内加工 1箱 12包 フレーバーティー フルーツティー 紅茶 ティーバッグ
20230731,アップルティー,try_1,Organic,19,B084K9JMNJ,エスビー食品 FAUCHON紅茶 アップル(ティーバッグ) 10袋 ×5箱
20230731,アップルティー,try_1,Organic,20,B08K9QZG3L,リプトン紅茶 アップルカフェインレスティー 60袋入 デカフェ・ノンカフェイン ティーバッグ
20230731,アップルティー,try_1,Organic,21,B07WNB6G5B,【冷蔵】エルビー 大人の紅茶トリプルゼロ アップルティーティー 1000mlX12本
20230731,アップルティー,try_1,Organic,22,B089QNDLJX,エスビー食品 FAUCHON紅茶 アップル (ティーバッグ) 10袋
20230731,アップルティー,try_1,Organic,23,B01MQM8S24,AHMAD TEA アップル 20P 40g
20230731,アップルティー,try_1,Organic,24,B00P8VB9YC,やさしいデカフェ紅茶　アップルティー　ティーバッグ10×2袋お試しセット
20230731,アップルティー,try_1,Organic,25,B09YCZ26ML,無印良品 香りを楽しむ紅茶 アップルセイロン 13g (1.3g×10袋) 12027171
20230731,アップルティー,try_1,Organic,26,B09T9C7M4D,ＷＮアップル
20230731,アップルティー,try_1,Organic,27,B09X55BV1W,[機能性表示食品]キリン 午後の紅茶 アップルティーティープラス 430ml ペットボトル
20230731,アップルティー,try_1,Organic,28,B07Q2ZVNF7,日東紅茶 果実あふれるフルーツティー 10本 ×6個 粉末
20230731,アップルティー,try_1,Organic,29,B09YCY38C1,無印良品 水出しフレーバーティー アップル&ルイボス 20g (500ml用2.0g×10袋) 12070696
20230731,アップルティー,try_1,Organic,30,B08KG9B9DD,コカ・コーラ 紅茶花伝 クラフティー 贅沢しぼりピーチティー 440mlPET ×24本
20230731,アップルティー,try_1,Organic,31,B086VVQQLL,リプトン アップルルイボス ティーバッグ 75杯分
20230731,アップルティー,try_1,Organic,32,B00854JNE2,セレッシャル 20BG シナモンアップルスパイス
20230731,アップルティー,try_1,Organic,33,B003AQB23A,リプトン シナモンアップルハーブ アルミティーバッグ 2.1gx50袋 デカフェ・ノンカフェイン
20230731,アップルティー,try_1,Organic,34,B09S3XH22S,リプトンカフェインレスティーアップルアップルハニー４０ｇ
20230731,アップルティー,try_1,Organic,35,B06VXPKWW2,AHMAD TEA ( アーマッドティー ) フルーツセレクション ティーバッグ 20袋 ×3個 [ アソート : アップル レモン&ライム ピーチ&パッションフルーツ ストロベリー ]
20230731,アップルティー,try_1,Organic,36,B09FDK5JMD,リプトン紅茶 カフェインレスティー アップルハニー ティーバッグ 20袋×6個
20230731,アップルティー,try_1,Organic,37,B08WXT9L3M,キリン 午後の紅茶 レモンティー 500ml PET ×24本
20230731,アップルティー,try_1,Organic,38,B0BML348NX,国太楼 アップル&ピーチティー テトラバッグ 80パック
20230731,アップルティー,try_1,Organic,39,B0BB1NCJL7,名糖 とけだす果実の紅茶 アップル&ピーチ 5P ×3個
20230731,アップルティー,try_1,Organic,40,B0855VY2JH,コツメカワウソのティーバッグ アップルティーティー 4包
20230731,アップルティー,try_1,Organic,41,B09XQJSD2M,国太楼 テトラバッグ アールグレイ アップル 28.8g(18袋)×6個
20230731,アップルティー,try_1,Organic,42,B08XZ13Q6C,amsu tea ( アムシュティー ) 紅茶8種類 個包装 ピーチ マスカット アップル おはじめセット
20230731,アップルティー,try_1,Organic,43,B07FZVD2VD,ホワイト キャットカフェ アップルティー ティーバッグ
20230731,アップルティー,try_1,Organic,44,B09ZXQ1X12,キリン 午後の紅茶 アップルティーティープラス 430mlペットボトル×24本入×(2ケース)
20230731,アップルティー,try_1,Organic,45,B0151BXGDK,リプトン紅茶 フレーバーティーアソート 3種(アップル・ピーチ&マンゴー・ミックスベリー) ティーバッグ×60袋
20230731,アップルティー,try_1,Organic,46,B08YDD3J4N,紅茶セット 白うさぎのティーバッグ アールグレイ アップルティー アプリコットティー 3ｐ入
20230731,アップルティー,try_1,Organic,47,B0079SNWDS,ＵＣＣ 霧の紅茶 アップルティ ティーバッグ 40袋
20230731,アップルティー,try_1,Organic,48,B00BD40SYU,Janat プロヴァンスシリーズ フルーツティーアソート 40P
20230731,アップルティー,try_1,Organic,49,B01DZQGXQK,リプトン紅茶 アップル アルミティーバッグバッグ 1.8gx50袋
20230731,アップルティー,try_1,Organic,50,B01MAX8IDR,リプトン紅茶 アップルティー ティーバッグバッグ 12袋×6箱
20230731,アップルティー,try_1,Organic,51,B004QLTLTA,ティーランド アップルティーティー 2g×50P
20230731,アップルティー,try_1,Organic,52,B0C27D3WXB,●アップルティー ●ティーバッグ20個（無糖）（アップルの甘い香り）（ホットティーでもアイスティーでもOK）内容量：ティーバッグ
20230731,アップルティー,try_1,Organic,53,B076BCG972,アップル ティーバッグバッグ10個入【AfternoonTea TEAROOM】
20230731,アップルティー,try_1,Organic,54,B0079SNWDS,ＵＣＣ 霧の紅茶 アップルティ ティーバッグバッグ 40袋
20230731,アップルティー,try_1,Organic,55,B07JLVFDQC,アップル ティーバッグバッグ30個入【AfternoonTea TEAROOM】
20230731,アップルティー,try_1,Organic,56,B094D2B697,amsu tea (アムシュティー) フレーバーティー アップルガーデン ティーバッグバッグ15袋
20230731,アップルティー,try_1,Organic,57,B00P8VB9YC,やさしいデカフェ紅茶　アップルティー　ティーバッグバッグ10×2袋お試しセット
20230731,アップルティー,try_1,Organic,58,B0BML348NX,国太楼 アップル&ピーチティー テトラバッグ 80パック
20230731,アップルティー,try_1,Organic,59,B01568IQP6,日東紅茶 アップルティーティー 200g×4袋
20230731,アップルティー,try_1,Organic,60,B08K9QZG3L,リプトン紅茶 アップルカフェインレスティー 60袋入 デカフェ・ノンカフェイン ティーバッグバッグ
20230731,アップルティー,try_1,Organic,61,B084K9JMNJ,エスビー食品 FAUCHON紅茶 アップル(ティーバッグバッグ) 10袋 ×5箱
20230731,アップルティー,try_1,Organic,62,B0B518WFSN,名糖産業 アップルティーティー 470g×2個
20230731,アップルティー,try_1,Organic,63,B07VR3PB2Y,TEA NAVIGATION 紅茶 ギフト ティーバッグ ピーチアップル スタンドパック 50包入
20230731,アップルティー,try_1,Organic,64,B07FZVD2VD,ホワイト キャットカフェ アップルティー ティーバッグバッグ
20230731,アップルティー,try_1,Organic,65,B09JSTMJRS,アップルシナモンティー TYAZEN(茶善) 国内加工 1箱 12包 フレーバーティー フルーツティー 紅茶 ティーバッグバッグ
20230731,アップルティー,try_1,Organic,66,B08CVD1CGY,TEA NAVIGATION 紅茶 ギフト ティーバッグ ピーチアップル スタンドパック 7包入
20230731,アップルティー,try_1,Organic,67,B089QNDLJX,エスビー食品 FAUCHON紅茶 アップル (ティーバッグバッグ) 10袋
20230731,アップルティー,try_1,Organic,68,B0151BXGDK,リプトン紅茶 フレーバーティーアソート 3種(アップル・ピーチ&マンゴー・ミックスベリー) ティーバッグバッグ×60袋
20230731,アップルティー,try_1,Organic,69,B09FDK5JMD,リプトン紅茶 カフェインレスティー アップルハニー ティーバッグバッグ 20袋×6個
20230731,アップルティー,try_1,Organic,70,B08YDD3J4N,紅茶セット 白うさぎのティーバッグ アールグレイ アップルティー アプリコットティー 3ｐ入
20230731,アップルティー,try_1,Organic,71,B00BD40SYU,Janat プロヴァンスシリーズ フルーツティーアソート 40P
20230731,アップルティー,try_1,Organic,72,B0C1S6Q57W,●アップルティー●（茶葉50g）（無糖）（アップルの甘い香り）（ホットティーでもアイスティーでもOK）内容量：茶葉50g（紅茶専門店 京都セレクトショップ）
20230731,アップルティー,try_1,Organic,73,B00E7KUHSY,名糖アップルティ 4P×10個
20230731,アップルティー,try_1,Organic,74,B077XW45TK,カフェインレス紅茶 アップル（ひもつきティーバッグバッグ１０個入）紅茶の国のアリス
20230731,アップルティー,try_1,Organic,75,B09T9C7M4D,ＷＮアップル
20230731,アップルティー,try_1,Organic,76,B01MQM8S24,AHMAD TEA アップル 20P 40g
20230731,アップルティー,try_1,Organic,77,B06VXPKWW2,AHMAD TEA ( アーマッドティー ) フルーツセレクション ティーバッグ 20袋 ×3個 [ アソート : アップル レモン&ライム ピーチ&パッションフルーツ ストロベリー ]
20230731,アップルティー,try_1,Organic,78,B09YCY38C1,無印良品 水出しフレーバーティー アップル&ルイボス 20g (500ml用2.0g×10袋) 12070696
20230731,アップルティー,try_1,Organic,79,B0BVBJ3Y1L,amsu tea (アムシュティー) フレーバーティー アップルキャラメリゼ ティーバッグバッグ15袋
20230731,アップルティー,try_1,Organic,80,B0BGB99GN7,【Amazon.co.jp限定】リプトン紅茶 フレーバーティー アソート 個包装 60袋
20230731,アップルティー,try_1,Organic,81,B003AQB23A,リプトン シナモンアップルハーブ アルミティーバッグバッグ 2.1gx50袋 デカフェ・ノンカフェイン
20230731,アップルティー,try_1,Organic,82,B071759YX1,AHMAD TEA ( アーマッドティー ) デカフェ フルーツセレクション ティーバッグ 20袋 ×2個 [ カフェインレス アソート ( アップル レモン&ライム ピーチ&パッションフルーツ ストロベリー )]
20230731,アップルティー,try_1,Organic,83,B08Q8J2Q1Y,ハーブティー　 ローズ&アップル　7袋
20230731,アップルティー,try_1,Organic,84,B072K3673Z,ティーピッグス アップル＆シナモン 37.5g ×15袋 ティーバッグバッグ [並行輸入品]
20230731,アップルティー,try_1,Organic,85,B0BSKFDDPN,TEARTH (ティーアース) はちみつレモン ティーバッグバッグ 28袋入り 個包装
20230731,アップルティー,try_1,Organic,86,B07YNP7NX4,三井農林 日東紅茶 カフェインレスTBピーチ&アップル ×3箱 デカフェ・ノンカフェイン ティーバッグバッグ 20個 (x 3)
20230731,アップルティー,try_1,Organic,87,B01JOC0L4Y,LUPICIA （ルピシア）5407 DECAF APPLE TEA ﾃｨｰﾊﾞｯｸﾞ10個 ﾊﾟｯｸ入･2.5g
20230731,アップルティー,try_1,Organic,88,B00U5OHTQ4,ブルックス サーラ 紅茶 アップル ティーバッグバッグ 大袋 100g
20230731,アップルティー,try_1,Organic,89,B07PMG8HGN,【Amazon.co.jp限定】 トワイニング ザ・ベストファイブ 50P ティーバッグバッグ
20230731,アップルティー,try_1,Organic,90,B08XZ13Q6C,amsu tea ( アムシュティー ) 紅茶8種類 個包装 ピーチ マスカット アップル おはじめセット
20230731,アップルティー,try_1,Organic,91,B09GDXFF7J,紅茶 フレーバー ほんのり香るアップル・フルーツ・フレーバード・ティーバッグバッグ 20個
20230731,アップルティー,try_1,Organic,92,B09XQJSD2M,国太楼 テトラバッグ アールグレイ アップル 28.8g(18袋)×6個
20230731,アップルティー,try_1,Organic,93,B00OTKU4BC,AHMAD TEA ( アーマッドティー ) アールグレイ ティーバッグバッグ 100袋入り [ 英国ブランド 個包装 ]
20230731,アップルティー,try_1,Organic,94,B00W0K1DPE,AHMAD TEA ( アーマッドティー ) イングリッシュブレックファースト ティーバッグバッグ 100袋 [ 英国ブランド 個包装 ]
20230731,アップルティー,try_1,Organic,95,B07NXXQB2J,ばんどう紅茶 アップル＆カモミール 紅茶 30 ティーバッグバッグ 入 (2.5g×30TB）
20230731,アップルティー,try_1,Organic,96,B075JYDYXX,Lakshimi(ラクシュミー) 極上はちみつ紅茶 ティーバッグバッグ25袋入り×2箱セット
20230731,ピーチティー,try_1,Organic,1,B08KG9B9DD,コカ・コーラ 紅茶花伝 クラフティー 贅沢しぼりピーチティーティー 440mlPET ×24本
20230731,ピーチティー,try_1,Organic,2,B079NKXP8Y,AGF ブレンディ カフェラトリー スティック 芳醇ピーチティー 7本×6箱 【 フルーツティー 】【 紅茶 スティック 】
20230731,ピーチティー,try_1,Organic,3,B072FBYPXH,リプトン紅茶 ピーチティーティーミックス 450g
20230731,ピーチティー,try_1,Organic,4,B0933JGS31,AGF プロフェッショナル ピーチティーティー1L用 10本 粉末
20230731,ピーチティー,try_1,Organic,5,B01I4T1H5A,カレルチャペック ホワイトピーチティーティーTB20P
20230731,ピーチティー,try_1,Organic,6,B09FF3F6ZN,リプトン紅茶 ピーチミックスティー ティーバッグ 12袋 ×6個
20230731,ピーチティー,try_1,Organic,7,B0BDJSJK8J,キリン 午後の紅茶 カフェインゼロ ピーチティーティー 430mlペットボトル×24本入
20230731,ピーチティー,try_1,Organic,8,B008HAW4VI,ESSERRE イタリアン ピーチティ 500g
20230731,ピーチティー,try_1,Organic,9,B07X691SMP,日東紅茶 カフェインレスピーチティーティー 10本 ×4袋 デカフェ・ノンカフェイン 粉末
20230731,ピーチティー,try_1,Organic,10,B07PQKJNC5,ピーチティー 無糖 250g 業務用 紅茶 インスタントティー 粉茶 粉末茶 パウダー茶 パウティー
20230731,ピーチティー,try_1,Organic,11,B073FRSZVJ,ホワイトピーチティーティー リーフパック
20230731,ピーチティー,try_1,Organic,12,B0C27GKHZ5,●ピーチティー ●ティーバッグ20個（ピーチ紅茶）（無糖）（ピーチの甘い香り）（ホットティーでも、アイスティーでもOK）内容量：ティー
20230731,ピーチティー,try_1,Organic,13,B07TKM16ZM,【ピーチ】2.5g × 20包 H&F BELX プレミアム フレーバーティー ノンカフェイン
20230731,ピーチティー,try_1,Organic,14,B094D4VGMZ,amsu tea (アムシュティー) フレーバーティー ベルガモットピーチ ティーバッグ15袋
20230731,ピーチティー,try_1,Organic,15,B071J9VV4T,AHMAD TEA ( アーマッドティー ) ピーチ & パッションフルーツ ティーバッグ 20袋 ×3個 [ 英国ブランド 個包装 ]
20230731,ピーチティー,try_1,Organic,16,B0C1RMRL2F,●ピーチティー●（茶葉50ｇ）（ピーチ紅茶）（無糖）（ピーチの甘い香り）（ホットティーでも、アイスティーでもOK）内容量：茶葉50ｇ入（紅茶専門店 京都セレクトショップ）
20230731,ピーチティー,try_1,Organic,17,B07BB38TG1,日東紅茶 水出しアイスティー ピーチティーティー&ローズヒップ TB 500ml×12袋入×6袋
20230731,ピーチティー,try_1,Organic,18,B0BL2F2N7W,【伊藤園専門店 公式】ルイボスティー ピーチ 10個×3袋 (チャック付き袋・ティーバッグ)
20230731,ピーチティー,try_1,Organic,19,B0BWJ5JNGN,ネスレ ポーション ピーチティーティーラテ 7P×4個
20230731,ピーチティー,try_1,Organic,20,B0C4D3L682,コカコーラ 紅茶花伝 デザート とろけるピーチティーティー 280mlペットボトル×24本入×(2ケース)
20230731,ピーチティー,try_1,Organic,21,B00PXX7NO0,やさしいデカフェ紅茶 ピーチ 三角ティーバッグ10入り×2袋セット
20230731,ピーチティー,try_1,Organic,22,B008FCRQXE,リストラ テ アッラ ペスカ (粉末ピーチティーティー) 1000g
20230731,ピーチティー,try_1,Organic,23,B09XPW7ZXK,国太楼 テトラバッグ アールグレイ ピーチ 28.8g(18袋)×6個
20230731,ピーチティー,try_1,Organic,24,B0BLVF9WL3,リプトン 紅茶 ピーチ&マンゴー ポリプロピレンティーバッグ 50袋
20230731,ピーチティー,try_1,Organic,25,B00EZLIYBC,セレッシャル カントリーピーチパッション 41g 20TB
20230731,ピーチティー,try_1,Organic,26,B07YNP7NX4,三井農林 日東紅茶 カフェインレスTBピーチ&アップル ×3箱 デカフェ・ノンカフェイン ティーバッグ 20個 (x 3)
20230731,ピーチティー,try_1,Organic,27,B09T954PD9,ＷＮピーチ
20230731,ピーチティー,try_1,Organic,28,B0BN3KLCG7,DozoFreesh フルーツティー ウーロン茶 ドライフルーツティー 7種のドライフルーツ ヘルシー ノンカフェイン 食べられる お茶 ティーバッグ 砂糖不使用 カロリーゼロ 母の日 ギフト プレゼント 贈り物 4袋入 (
20230731,ピーチティー,try_1,Organic,29,B010K9H6PM,アーマッドティー コールドブリュー ピーチ & パッションフルーツ ティーバッグ 水出し 個包装 20袋 ×2個 [ AHMAD TEA 紅茶 フルーツティー
20230731,ピーチティー,try_1,Organic,30,B09T5TWH71,リプトン紅茶 水出しアイスティー グリーンティー ピーチ&オレンジティーバッグ 10袋×6個
20230731,ピーチティー,try_1,Organic,31,B0B8M6WM9B,トワイニング ザ・フルーツ ピーチ&オレンジ 15P×2個
20230731,ピーチティー,try_1,Organic,32,B0BB1NCJL7,名糖 とけだす果実の紅茶 アップル&ピーチ 5P ×3個
20230731,ピーチティー,try_1,Organic,33,B0BYZ6GY6J,コカ・コーラ 紅茶花伝 デザート とろけるピーチティーティー 280mlPET
20230731,ピーチティー,try_1,Organic,34,B0071H5V4K,プロヴァンスシリーズ ピーチ 50g(2g×25p)
20230731,ピーチティー,try_1,Organic,35,B0BML348NX,国太楼 アップル&ピーチティーティー テトラバッグ 80パック
20230731,ピーチティー,try_1,Organic,36,B0BYNGZRYB,伊藤園 晴れのち曇り 時々お茶 500ml×24本 フルーツティー
20230731,ピーチティー,try_1,Organic,37,B09G133Z3Y,ブレンドティー すっきりらっく茶 ピーチ マンゴー フレーバー 15包 ノンカフェイン 天然素材 酵素 ティーバッグ
20230731,ピーチティー,try_1,Organic,38,B0B8N6B78F,【Amazon.co.jp限定】三井農林 日東紅茶 水出しアイスティー アソートセット (アールグレイ)(トロピカルフルーツ)(ピーチティーティー&ローズヒップ)(はちみつレモン) 4種
20230731,ピーチティー,try_1,Organic,39,B01M34SY02,AHMAD TEA デカフェフルーツセレクション 40g
20230731,ピーチティー,try_1,Organic,40,B0BHDBDNFM,H&F BELX プレミアム フレーバーティー ノンカフェイン 2.5g × 30包 (ピーチパイナップル)
20230731,ピーチティー,try_1,Organic,41,B093FFLBLK,イート ドライフルーツティー No1002 ピーチ 【ムスビセレクトとティートリコ共同開発】 (Peach 50ｇ)
20230731,ピーチティー,try_1,Organic,42,B0C6KB6K9Y,TEAZEN(ティーザン) ティーゼン コンブチャ:ピーチ(5g x 10)×2箱
20230731,ピーチティー,try_1,Organic,43,B0BDKB19YD,キリン 午後の紅茶 カフェインゼロ ピーチティーティー 430mlペットボトル×24本入×(2ケース)
20230731,ピーチティー,try_1,Organic,44,B0BVT91YXH,[冷蔵]森永乳業 リプトン ピーチティ ～白桃・黄桃～ 900ml
20230731,ピーチティー,try_1,Organic,45,B06VXPKWW2,AHMAD TEA ( アーマッドティー ) フルーツセレクション ティーバッグ 20袋 ×3個 [ アソート : アップル レモン&ライム ピーチ&パッションフルーツ ストロベリー ]
20230731,ピーチティー,try_1,Organic,46,B00UKWBM1E,ピーチ 黒ウーロン茶 業務用 インスタントティー 粉茶 粉末茶 パウダー茶 パウティー (80g)
20230731,ピーチティー,try_1,Organic,47,B07BFN8967,Blendy(ブレンディ) カフェラトリー スティック 芳醇ピーチティーティー 7本
20230731,ピーチティー,try_1,Organic,48,B019UHIHPI,AHMAD TEA (アーマッドティー) コールドブリュー ピーチ&パッションフルーツ ティーバッグ 20袋入り [ 英国ブランド 水出し紅茶 個包装 ] 80g
20230731,ピーチティー,try_1,Organic,49,B0B518WFSN,名糖産業 アップルティーティー 470g×2個
20230731,ピーチティー,try_1,Organic,50,B01MAX8IDR,リプトン紅茶 アップルティー ティーバッグ 12袋×6箱
20230731,ピーチティー,try_1,Organic,51,B09VCCDK4F,【機能性表示食品】 キリン 午後の紅茶 アップルティーティープラス 430ml 24本 ペットボトル 腸活 ビフィズス菌 乳酸菌飲料
20230731,ピーチティー,try_1,Organic,52,B003XDMTIM,FAUCHON 紅茶アップル(缶入り) 125g
20230731,ピーチティー,try_1,Organic,53,B01568IQP6,日東紅茶 アップルティーティー 200g×4袋
20230731,ピーチティー,try_1,Organic,54,B004QLTLTA,ティーランド アップルティーティー 2g×50P
20230731,ピーチティー,try_1,Organic,55,B006NT80P4,ST(セレクティー) アップルティー 青りんご 三角ティーバッグ 2.0g×20P
20230731,ピーチティー,try_1,Organic,56,B01G0HZV2S,アップルティーティー（茶葉）Apple Tea 無農薬・カフェインレス/最高級茶葉・天然素材使用のスリランカ大統領府、在日本スリランカ大使館ご用達 本場スリランカのプレミアムブランド
20230731,ピーチティー,try_1,Organic,57,B0C1S6Q57W,●アップルティー●（茶葉50g）（無糖）（アップルの甘い香り）（ホットティーでもアイスティーでもOK）内容量：茶葉50g（紅茶専門店 京都セレクトショップ）
20230731,ピーチティー,try_1,Organic,58,B00RFP3W0S,AGF プロフェッショナル アップルティーティー1L用 10本 粉末
20230731,ピーチティー,try_1,Organic,59,B07W425K33,アップルティー 無糖 【パウティー】 紅茶 業務用 粉末 粉茶 お茶 インスタントティー (250g)
20230731,ピーチティー,try_1,Organic,60,B01DZQGXQK,リプトン紅茶 アップル アルミティーバッグ 1.8gx50袋
20230731,ピーチティー,try_1,Organic,61,B00E7KUHSY,名糖アップルティ 4P×10個
20230731,ピーチティー,try_1,Organic,62,B0C27D3WXB,●アップルティー ●ティーバッグ20個（無糖）（アップルの甘い香り）（ホットティーでもアイスティーでもOK）内容量：ティーバッグ 2g×20個入（紅茶専門店 京都セレクトショップ）
20230731,ピーチティー,try_1,Organic,63,B094D2B697,amsu tea (アムシュティー) フレーバーティー アップルガーデン ティーバッグ15袋
20230731,ピーチティー,try_1,Organic,64,B079NTS45C,AGF ブレンディ カフェラトリー スティック 芳醇アップルティー 7本×6箱 【 フルーツティー 】【 紅茶 スティック 】
20230731,ピーチティー,try_1,Organic,65,B09ZXK9NQ2,キリン 午後の紅茶 アップルティーティープラス 430mlペットボトル×24本入
20230731,ピーチティー,try_1,Organic,66,B09JSTMJRS,アップルシナモンティー TYAZEN(茶善) 国内加工 1箱 12包 フレーバーティー フルーツティー 紅茶 ティーバッグ
20230731,ピーチティー,try_1,Organic,67,B084K9JMNJ,エスビー食品 FAUCHON紅茶 アップル(ティーバッグ) 10袋 ×5箱
20230731,ピーチティー,try_1,Organic,68,B08K9QZG3L,リプトン紅茶 アップルカフェインレスティー 60袋入 デカフェ・ノンカフェイン ティーバッグ
20230731,ピーチティー,try_1,Organic,69,B07WNB6G5B,【冷蔵】エルビー 大人の紅茶トリプルゼロ アップルティーティー 1000mlX12本
20230731,ピーチティー,try_1,Organic,70,B089QNDLJX,エスビー食品 FAUCHON紅茶 アップル (ティーバッグ) 10袋
20230731,ピーチティー,try_1,Organic,71,B01MQM8S24,AHMAD TEA アップル 20P 40g
20230731,ピーチティー,try_1,Organic,72,B00P8VB9YC,やさしいデカフェ紅茶　アップルティー　ティーバッグ10×2袋お試しセット
20230731,ピーチティー,try_1,Organic,73,B09YCZ26ML,無印良品 香りを楽しむ紅茶 アップルセイロン 13g (1.3g×10袋) 12027171
20230731,ピーチティー,try_1,Organic,74,B09T9C7M4D,ＷＮアップル
20230731,ピーチティー,try_1,Organic,75,B09X55BV1W,[機能性表示食品]キリン 午後の紅茶 アップルティーティープラス 430ml ペットボトル
20230731,ピーチティー,try_1,Organic,76,B07Q2ZVNF7,日東紅茶 果実あふれるフルーツティー 10本 ×6個 粉末
20230731,ピーチティー,try_1,Organic,77,B09YCY38C1,無印良品 水出しフレーバーティー アップル&ルイボス 20g (500ml用2.0g×10袋) 12070696
20230731,ピーチティー,try_1,Organic,78,B08KG9B9DD,コカ・コーラ 紅茶花伝 クラフティー 贅沢しぼりピーチティー 440mlPET ×24本
20230731,ピーチティー,try_1,Organic,79,B086VVQQLL,リプトン アップルルイボス ティーバッグ 75杯分
20230731,ピーチティー,try_1,Organic,80,B00854JNE2,セレッシャル 20BG シナモンアップルスパイス
20230731,ピーチティー,try_1,Organic,81,B003AQB23A,リプトン シナモンアップルハーブ アルミティーバッグ 2.1gx50袋 デカフェ・ノンカフェイン
20230731,ピーチティー,try_1,Organic,82,B09S3XH22S,リプトンカフェインレスティーアップルアップルハニー４０ｇ
20230731,ピーチティー,try_1,Organic,83,B06VXPKWW2,AHMAD TEA ( アーマッドティー ) フルーツセレクション ティーバッグ 20袋 ×3個 [ アソート : アップル レモン&ライム ピーチ&パッションフルーツ ストロベリー ]
20230731,ピーチティー,try_1,Organic,84,B09FDK5JMD,リプトン紅茶 カフェインレスティー アップルハニー ティーバッグ 20袋×6個
20230731,ピーチティー,try_1,Organic,85,B08WXT9L3M,キリン 午後の紅茶 レモンティー 500ml PET ×24本
20230731,ピーチティー,try_1,Organic,86,B0BML348NX,国太楼 アップル&ピーチティー テトラバッグ 80パック
20230731,ピーチティー,try_1,Organic,87,B0BB1NCJL7,名糖 とけだす果実の紅茶 アップル&ピーチ 5P ×3個
20230731,ピーチティー,try_1,Organic,88,B0855VY2JH,コツメカワウソのティーバッグ アップルティーティー 4包
20230731,ピーチティー,try_1,Organic,89,B09XQJSD2M,国太楼 テトラバッグ アールグレイ アップル 28.8g(18袋)×6個
20230731,ピーチティー,try_1,Organic,90,B08XZ13Q6C,amsu tea ( アムシュティー ) 紅茶8種類 個包装 ピーチ マスカット アップル おはじめセット
20230731,ピーチティー,try_1,Organic,91,B07FZVD2VD,ホワイト キャットカフェ アップルティー ティーバッグ
20230731,ピーチティー,try_1,Organic,92,B09ZXQ1X12,キリン 午後の紅茶 アップルティーティープラス 430mlペットボトル×24本入×(2ケース)
20230731,ピーチティー,try_1,Organic,93,B0151BXGDK,リプトン紅茶 フレーバーティーアソート 3種(アップル・ピーチ&マンゴー・ミックスベリー) ティーバッグ×60袋
20230731,ピーチティー,try_1,Organic,94,B08YDD3J4N,紅茶セット 白うさぎのティーバッグ アールグレイ アップルティー アプリコットティー 3ｐ入
20230731,ピーチティー,try_1,Organic,95,B0079SNWDS,ＵＣＣ 霧の紅茶 アップルティ ティーバッグ 40袋
20230731,ピーチティー,try_1,Organic,96,B00BD40SYU,Janat プロヴァンスシリーズ フルーツティーアソート 40P
20230731,フレーバーティー,try_1,Organic,1,B0BGB99GN7,【Amazon.co.jp限定】リプトン紅茶 フレーバーティーティー アソート 個包装 60袋
20230731,フレーバーティー,try_1,Organic,2,B00BD40SYU,Janat プロヴァンスシリーズ フルーツティーアソート 40P
20230731,フレーバーティー,try_1,Organic,3,B06VXPKWW2,AHMAD TEA ( アーマッドティー ) フルーツセレクション ティーバッグ 20袋 ×3個 [ アソート : アップル レモン&ライム ピーチ&パッションフルーツ ストロベリー ]
20230731,フレーバーティー,try_1,Organic,4,B0151BXGDK,リプトン紅茶 フレーバーティーアソート 3種(アップル・ピーチ&マンゴー・ミックスベリー) ティーバッグ×60袋
20230731,フレーバーティー,try_1,Organic,5,B01568IJKI,日東紅茶 デイリークラブ 6バラエティーパック 10袋入り×6個
20230731,フレーバーティー,try_1,Organic,6,B094D1RNGF,amsu tea (アムシュティー) フレーバーティー オレンジフルーツガーデン ティーバッグ15袋
20230731,フレーバーティー,try_1,Organic,7,B09YCXVZZ6,無印良品 水出しフレーバーティーティー マスカット&グリーンルイボス 30g (500ml用3g×10袋) 12027096
20230731,フレーバーティー,try_1,Organic,8,B097S9HYK3,リプトン紅茶 香り楽しむ6種アソート (フレーバーティーティー) 6種×7袋
20230731,フレーバーティー,try_1,Organic,9,B01N0OJDA8,ムーミン フレーバーブラックティー 4種類セット (ティーバッグ)
20230731,フレーバーティー,try_1,Organic,10,B094D1FY8N,amsu tea (アムシュティー) フレーバーティー エンジェルジャスミン ティーバッグ15袋
20230731,フレーバーティー,try_1,Organic,11,B0B1NW5L8W,amsu tea (アムシュティー) フレーバーティー ライチ ティーバッグ15袋
20230731,フレーバーティー,try_1,Organic,12,B0BJ23YKZK,amsu tea (アムシュティー) フレーバーティー トロピカルパッション ティーバッグ15袋
20230731,フレーバーティー,try_1,Organic,13,B094D4VGMZ,amsu tea (アムシュティー) フレーバーティー ベルガモットピーチ ティーバッグ15袋
20230731,フレーバーティー,try_1,Organic,14,B014SNZJCS,ディルマ フレーバーティー バラエティパック ティーバッグ 20g
20230731,フレーバーティー,try_1,Organic,15,B094D4439F,amsu tea (アムシュティー) フレーバーティー フレッシュベリー ティーバッグ15袋
20230731,フレーバーティー,try_1,Organic,16,B09XX9ZJND,amsu tea (アムシュティー) フレーバーティー チョコラッテ ティーバッグ15袋
20230731,フレーバーティー,try_1,Organic,17,B071759YX1,AHMAD TEA ( アーマッドティー ) デカフェ フルーツセレクション ティーバッグ 20袋 ×2個 [ カフェインレス アソート ( アップル レモン&ライム ピーチ&パッションフルーツ ストロベリー )]
20230731,フレーバーティー,try_1,Organic,18,B07N92TDFX,トワイニング アールグレイ セレクションファイブ 50P ティーバッグ
20230731,フレーバーティー,try_1,Organic,19,B08J3X523S,AHMAD TEA ( アーマッドティー ) デカフェ スウィーツティー セレクション ティーバッグ 20袋入り×3個 [ カフェインレス ヘーゼルナッツチョコレート バニラ キャラメル シナモン 各5袋 ]
20230731,フレーバーティー,try_1,Organic,20,B01NCHEDWQ,富永貿易 BPL セイロンティーガーデンズ フルーツセレクション ティーバック 100袋 [ 自社農園 ディンブラ茶葉 100% レインフォレスト･アライアンス認証 ] 200g ×2個
20230731,フレーバーティー,try_1,Organic,21,B01LWW7P3B,リプトン紅茶 ミックスベリーティー ティーバッグ 12袋×6箱
20230731,フレーバーティー,try_1,Organic,22,B08H8L53SP,ティーブティック やさしいデカフェ紅茶 ノンカフェイン フルーツシリーズ 6種セット
20230731,フレーバーティー,try_1,Organic,23,B0B8M6WM9B,トワイニング ザ・フルーツ ピーチ&オレンジ 15P×2個
20230731,フレーバーティー,try_1,Organic,24,B00EJ9EGGM,トワイニング ハーブティー バラエティパック 40P
20230731,フレーバーティー,try_1,Organic,25,B08CVG8NSW,名糖産業 スティックメイトフルーツティーアソート 96P インスタント(スティック)
20230731,フレーバーティー,try_1,Organic,26,B0B5WX595P,DozoFreesh フルーツティー 砂糖不使用 カロリーゼロ (全4種セット)
20230731,フレーバーティー,try_1,Organic,27,B07PMG8HGN,【Amazon.co.jp限定】 トワイニング ザ・ベストファイブ 50P ティーバッグ
20230731,フレーバーティー,try_1,Organic,28,B07SNX698B,日東紅茶 水出しアイスティートロピカルフルーツTB 12袋入 ×4個 ティーバッグ
20230731,フレーバーティー,try_1,Organic,29,B09C7NGBKG,トワイニング ルイボス セレクション 50P
20230731,フレーバーティー,try_1,Organic,30,B09XQ1JWNR,国太楼 AT オレンジルイボスティー 144g(80袋)
20230731,フレーバーティー,try_1,Organic,31,B07PGTLGLW,リプトン ハーブティー 5種アソート ティーバッグ [紅茶 ノンカフェイン] ×60袋
20230731,フレーバーティー,try_1,Organic,32,B09T5TWH71,リプトン紅茶 水出しアイスティー グリーンティー ピーチ&オレンジティーバッグ 10袋×6個
20230731,フレーバーティー,try_1,Organic,33,B0935WKQ88,●キャラメルティー ●ティーバッグ20個 ●キャラメルの甘い香りに癒されます ●甘い香りなので、ミルクティーにしても最適 ●甘い香りの
20230731,フレーバーティー,try_1,Organic,34,B09WMSDKZW,amsu tea (アムシュティー) フレーバーティー マロンモンブラン ティーバッグ15袋
20230731,フレーバーティー,try_1,Organic,35,B0BGR7YKHB,amsu tea (アムシュティー) フレーバーティー フルーツミックス ティーバッグ15袋
20230731,フレーバーティー,try_1,Organic,36,B094D2XL3N,amsu tea (アムシュティー) フレーバーティー ミルキッシュクレメ ティーバッグ15袋
20230731,フレーバーティー,try_1,Organic,37,B09S5QG4PC,amsu tea (アムシュティー) フレーバーティー キャラメルナッツ ティーバッグ15袋
20230731,フレーバーティー,try_1,Organic,38,B01I4T1H5A,カレルチャペック ホワイトピーチティーTB20P
20230731,フレーバーティー,try_1,Organic,39,B0BDFKH2N2,amsu tea (アムシュティー) フレーバーティー フルーツキャンディ ティーバッグ15袋
20230731,フレーバーティー,try_1,Organic,40,B01C28Z16U,トワイニング カフェインレス アールグレイ 20P ティーバッグ
20230731,フレーバーティー,try_1,Organic,41,B0B6BM5PDL,amsu tea (アムシュティー) フレーバーティー アイリッシュクリーム ティーバッグ15袋
20230731,フレーバーティー,try_1,Organic,42,B07TKM16ZM,【ピーチ】2.5g × 20包 H&F BELX プレミアム フレーバーティーティー ノンカフェイン
20230731,フレーバーティー,try_1,Organic,43,B09B3W9WZV,日本サンテ チェストべリー 茶 ハーブ10種 ノンカフェイン 国産 無添加 （45杯分） ティーパック
20230731,フレーバーティー,try_1,Organic,44,B07JGN4F4C,伊藤園 ワンポット Relax ジャスミン茶 ティーバッグ 3.0g×100袋 お得用 エコティーバッグ
20230731,フレーバーティー,try_1,Organic,45,B00SP1D6DY,ムーミン フレーバールイボスティー 4種類セット (ティーバッグ)
20230731,フレーバーティー,try_1,Organic,46,B0B511N2KF,amsu tea (アムシュティー) フレーバーティー バニラクリーム ティーバッグ15袋
20230731,フレーバーティー,try_1,Organic,47,B001GS8OV2,ロンドンフルーツ&ハーブ ティーバッグ スペシャルパック 20袋
20230731,フレーバーティー,try_1,Organic,48,B094D23YPZ,amsu tea (アムシュティー) フレーバーティー フレンチマスカット ティーバッグ15袋
20230731,フレーバーティー,try_1,Organic,49,B01LLL149W,ルピシア ティーバッグ 15種セット 1箱（15バッグ入） アソート LUPICIA 紅茶 ギフト セイロン アールグレイ マスカット ティーバッグセット
20230731,フレーバーティー,try_1,Organic,50,B076GXZB5R,LUPICIA(ルピシア) 白桃烏龍 極品 50gパック(リーフ) (8231)
20230731,フレーバーティー,try_1,Organic,51,B0C92KS66K,ルピシア 限定 ギフト ブックオブティー アンネテ 紅茶 詰め合わせ 贈りもの お中元 ご贈答
20230731,フレーバーティー,try_1,Organic,52,B0076JR574,ルピシア 白桃ティーバック 2.5g×10個入り
20230731,フレーバーティー,try_1,Organic,53,B01DLQMWZA,[5218] MUSCAT ティーバッグ10個 パック入
20230731,フレーバーティー,try_1,Organic,54,B01DLQMZ5M,[8223] グレープフルーツティーバッグ10個 パック入
20230731,フレーバーティー,try_1,Organic,55,B0BMT3VN69,ルピシア【8231】白桃烏龍 極品 ティーバッグ 10個パック入 LUPICIA
20230731,フレーバーティー,try_1,Organic,56,B0076JR6IW,ルピシア ピッコロティーバック 2.5g×10個入り
20230731,フレーバーティー,try_1,Organic,57,B0848KZY4F,ルピシア 8284 白桃煎茶 １０ TEA BAGS
20230731,フレーバーティー,try_1,Organic,58,B01JOC0L4Y,LUPICIA （ルピシア）5407 DECAF APPLE TEA ﾃｨｰﾊﾞｯｸﾞ10個 ﾊﾟｯｸ入･2.5g
20230731,フレーバーティー,try_1,Organic,59,B07HJR8HGN,LUPICIA(ルピシア) 白桃煎茶 50gパック(リーフ) 【8284】
20230731,フレーバーティー,try_1,Organic,60,B01DLQMZ48,[5404] DECAF MOMO ティーバッグ10個 パック入
20230731,フレーバーティー,try_1,Organic,61,B0B11P4MCR,ルピシア (LUPICIA) 紅茶 緑茶 お茶のバラエティギフト セット ラッピング済 (Aセット)
20230731,フレーバーティー,try_1,Organic,62,B0C3DG7FLK,LUPICIA 紅茶ギフト (アールグレイ)
20230731,フレーバーティー,try_1,Organic,63,B0BNYFJC27,LUPICIA ルピシア ブレンドティー ティーバッグ アソートセット【マスカット・グレープフルーツ（緑茶）・デカフェ白桃】 (10パック×3種) 【オリジナルカード＆ティー付】
20230731,フレーバーティー,try_1,Organic,64,B01DLQMZ66,[5617]ROSE ROYAL TB10缶製品
20230731,フレーバーティー,try_1,Organic,65,B0C197CMJ8,プチギフト 個包装 紅茶 ルピシア ありがとうございます お礼 お菓子 退職 異動 挨拶 大量 ギフト 10個
20230731,フレーバーティー,try_1,Organic,66,B01DLQMZM0,LUPICIA(ルピシア) ティーバッグ [8834] 抹茶黒豆玄米茶 特別パッケージ25個入
20230731,フレーバーティー,try_1,Organic,67,B074BWRQD7,LUPICIA (ルピシア) ティーバッグセット 15種 (包装済)
20230731,フレーバーティー,try_1,Organic,68,B01DLQMXLS,[5000]DARJEELING THE FIRST FLUSH 50g缶製品
20230731,フレーバーティー,try_1,Organic,69,B01GFV99O0,LUPICIA (ルピシア)[オーガニック]9000 ORGANIC ROOIBOS NATURAL ティーバッグ10個入
20230731,フレーバーティー,try_1,Organic,70,B01DLQMU8Y,[5101] AFTERNOON TEA ティーバッグ10個 パック入
20230731,フレーバーティー,try_1,Organic,71,B0CBG4SJD2,【 ルピシア 】数量 期間限定 ルイボスセレクション ティーバッグ10種 箱入り LUPICIA ROOIBOS SELECTION TEA BAG 10 items
20230731,フレーバーティー,try_1,Organic,72,B01DLQMZIY,LUPICIA (ルピシア) ティーバッグ [8033] 抹茶入り煎茶「夢がたり」 特別パッケージ25個入
20230731,フレーバーティー,try_1,Organic,73,B07KWPNJBK,LUPICIA(ルピシア) 白桃烏龍 極品 50gパック(リーフ)×５個セット (50gパック×5個)
20230731,フレーバーティー,try_1,Organic,74,B0076JR4S4,ルピシア ダージリンセカンドフラッシュティーバック 2.5g×10個入り
20230731,フレーバーティー,try_1,Organic,75,B01DLQMX0O,[5617] ROSE ROYAL ティーバッグ10個 パック入
20230731,フレーバーティー,try_1,Organic,76,B01DLQMWX2,[5223] SAKURAMBO ティーバッグ10個 パック入
20230731,フレーバーティー,try_1,Organic,77,B00C93HFF4,マリアージュフレール マルコポーロティーバッグ 2.5g×30p
20230731,フレーバーティー,try_1,Organic,78,B01DLQN092,[9218] YUMMY ティーバッグ10個 パック入
20230731,フレーバーティー,try_1,Organic,79,B0846WRFYD,7401 知覧 ゆたかみどり １０TEA BAGS
20230731,フレーバーティー,try_1,Organic,80,B00IVGM4OA,【ギフト】紅茶 バシラーティー ミニチュアラブストーリーVol1 ベルガモットフレーバー 5袋入り アールグレイ 母の日ギフト
20230731,フレーバーティー,try_1,Organic,81,B013ORZ4D8,ウェッジウッド ワイルド ストロベリー ティーバッグ(36袋入)
20230731,フレーバーティー,try_1,Organic,82,B01DLQMXMW,[5001] DARJEELING THE SECOND FLUSH ティーバッグ10個 パック入
20230731,フレーバーティー,try_1,Organic,83,B009KU0132,【ギフト】紅茶 バシラーティー コレクションNo1 4種×8袋(全32袋入り) ストロベリー 母の日ギフト
20230731,フレーバーティー,try_1,Organic,84,B00IVHFSGU,バシラーティーミニチュアラブストーリー Vol3(10g)
20230731,フレーバーティー,try_1,Organic,85,B0C2Y9CF73,ルピシア【8201】茉莉春毫 ティーバッグ 10個パック入 （モーリーチュンハオ ジャスミンシュンゴウ）中国緑茶ベース 最高級ジャスミンティー
20230731,フレーバーティー,try_1,Organic,86,B0BT4M39PV,ルピシア [5403] デカフェ・グレープフルーツ ティーバッグ 10個パック入 フレーバードティー DECAF GRAPEFRUIT
20230731,フレーバーティー,try_1,Organic,87,B0BTH2WL29,ルピシア【9502】スウィートドリームス！ ティーバッグ 10個パック入 (カモミール ジンジャー アップル ハーブティー) 温活 LUPICIA
20230731,フレーバーティー,try_1,Organic,88,B01DLQN1KA,[8223]グレープフルーツ 50g缶製品
20230731,フレーバーティー,try_1,Organic,89,B084VFJD8Z,アニマルティー 16種アソート 紅茶ギフトセット（16種類各ティーバッグ1袋 ギフト包装済み計16袋）No.31 七色商店
20230731,フレーバーティー,try_1,Organic,90,B0C39CZ6QC,ルピシア【8231】白桃烏龍 極品 50g缶入り リーフタイプ 1個
20230731,フレーバーティー,try_1,Organic,91,B0CC2T33XG,ルピシア [5406] デカフェ ・ サクランボ ティーバッグ 10個 パック入 フレーバードティー デカフェ 紅茶
20230731,フレーバーティー,try_1,Organic,92,B0016D4SEY,アーマッドティー アールグレイ リーフ ( 茶葉 ) 100g 缶 [ 紅茶 AHMAD TEA ]
20230731,フレーバーティー,try_1,Organic,93,B07G9PQZV1,プチギフト 挨拶 ウェッジウッド ワイルドストロベリー アソートティーバッグ
20230731,フレーバーティー,try_1,Organic,94,B01KPO7VSY,【福岡限定】ルピシア 博多オリジナルティー50g限定ラベル缶製品 (梅の香)
20230731,フレーバーティー,try_1,Organic,95,B0BSRJZXQ8,ルピシア【8224】巨峰（フレーバード緑茶） ティーバッグ 10個パック入
20230731,フレーバーティー,try_1,Organic,96,B0BV2G8KZ4,AGF ブレンディ カフェラトリー スティック フルーツティーアソート 【 フルーツティー 】【 紅茶 スティック 】【 プチギフト 】【 詰め合わせ 】【 差し入れに 】 20個 (x 1)